<?xml version="1.0" encoding="UTF-8"?>
<!DOCTYPE mapper PUBLIC "-//mybatis.org//DTD Mapper 3.0//EN" "http://mybatis.org/dtd/mybatis-3-mapper.dtd">

<mapper namespace="notice">
	<select id="index" parameterType="hashmap" resultType="hashmap">
        <![CDATA[
            SELECT
                NOTICE_IDX,
                NOTICE_SUBJECT,
                NOTICE_CONTEXT
            FROM
                NOTICE
            ORDER BY NOTICE_IDX DESC
        ]]>
	</select>

	<insert id="create" parameterType="hashmap">
    	<![CDATA[
        INSERT INTO NOTICE
        (
           		NOTICE_IDX,
                NOTICE_SUBJECT,
                NOTICE_CONTEXT
        )
        VALUES
        (
            NOTICE_SEQ.NEXTVAL,
            #{NOTICE_SUBJECT},
            #{NOTICE_CONTEXT}
        )
    ]]>
	</insert>

	<select id="show" parameterType="hashmap" resultType="hashmap">
    	<![CDATA[
        SELECT
        	NOTICE_IDX,
            NOTICE_SUBJECT,
            NOTICE_CONTEXT
        FROM
        	NOTICE
        WHERE
        	NOTICE_IDX=#{NOTICE_IDX}
         
    ]]>
	</select>

	<update id="update" parameterType="hashmap">
    <![CDATA[
        UPDATE NOTICE
        SET
            NOTICE_SUBJECT = #{NOTICE_SUBJECT},
            NOTICE_CONTEXT = #{NOTICE_CONTEXT}
        WHERE
            NOTICE_IDX = #{NOTICE_IDX}   
    ]]>
	</update>
	
	<delete id="delete" parameterType="hashmap">
	<![CDATA[
        DELETE FROM NOTICE
        WHERE
            NOTICE_IDX = #{NOTICE_IDX}
    ]]>
	
	</delete>
	
	
</mapper>