<?xml version="1.0" encoding="UTF-8"?>
<beans:beans xmlns="http://www.springframework.org/schema/mvc"
	xmlns:xsi="http://www.w3.org/2001/XMLSchema-instance"
	xmlns:p="http://www.springframework.org/schema/p"
	xmlns:beans="http://www.springframework.org/schema/beans"
	xmlns:context="http://www.springframework.org/schema/context"
	xmlns:mvc="http://www.springframework.org/schema/mvc"
	xsi:schemaLocation="http://www.springframework.org/schema/mvc http://www.springframework.org/schema/mvc/spring-mvc.xsd
		http://www.springframework.org/schema/beans http://www.springframework.org/schema/beans/spring-beans.xsd
		http://www.springframework.org/schema/context http://www.springframework.org/schema/context/spring-context.xsd">
    
    <!-- Use for Annotation 2019/02/07 -->
<!-- <context:component-scan base-package="com.kh.researchbank">
        <context:include-filter type="annotation" expression="org.springframework.stereotype.Controller"/>
        <context:exclude-filter type="annotation" expression="org.springframework.stereotype.Service"/>
        <context:exclude-filter type="annotation" expression="org.springframework.stereotype.Repository"/>
    </context:component-scan> -->
	<!-- DispatcherServlet Context: defines this servlet's request-processing infrastructure -->
	
	<!-- Enables the Spring MVC @Controller programming model -->
<!-- 	<annotation-driven /> -->
	<context:component-scan base-package="com.kh.researchbank" />
	
	<mvc:annotation-driven>
        <mvc:argument-resolvers>
            <beans:bean class="com.kh.researchbank.common.CustomMapArgumentResolver"></beans:bean>
        </mvc:argument-resolvers>
    </mvc:annotation-driven>
	<default-servlet-handler/>
	<!-- Handles HTTP GET requests for /resources/** by efficiently serving up static resources in the ${webappRoot}/resources directory -->
	<resources mapping="/resources/**" location="/resources/" />

	<!-- Resolves views selected for rendering by @Controllers to .jsp resources in the /WEB-INF/views directory -->
	<beans:bean class="org.springframework.web.servlet.view.InternalResourceViewResolver">
		<beans:property name="prefix" value="/WEB-INF/views/" />
		<beans:property name="suffix" value=".jsp" />
	</beans:bean>
	
	
	
	<beans:bean id="jsonView" class="org.springframework.web.servlet.view.json.MappingJackson2JsonView" />
	

	
     <beans:bean class="org.springframework.web.servlet.mvc.annotation.DefaultAnnotationHandlerMapping"/>
     
    <beans:bean class="org.springframework.web.servlet.view.BeanNameViewResolver" p:order="0" />
     
     
    <beans:bean
        class="org.springframework.web.servlet.view.UrlBasedViewResolver" p:order="1"
        p:viewClass="org.springframework.web.servlet.view.JstlView"
        p:prefix="/WEB-INF/views/" p:suffix=".jsp">
    </beans:bean>






	
</beans:beans>
